id,width,height,url,photographer,photographer_url,photographer_id,avg_color,original,large2x,large,medium,small,portrait,landscape,tiny,liked,description,width_range,height_range,description_char
53594,3072,2304,https://www.pexels.com/photo/blue-skies-53594/,Pixabay,https://www.pexels.com/@pixabay,2659,#8BAAE9,https://images.pexels.com/photos/53594/blue-clouds-day-fluffy-53594.jpeg,https://images.pexels.com/photos/53594/blue-clouds-day-fluffy-53594.jpeg?auto=compress&cs=tinysrgb&dpr=2&h=650&w=940,https://images.pexels.com/photos/53594/blue-clouds-day-fluffy-53594.jpeg?auto=compress&cs=tinysrgb&h=650&w=940,https://images.pexels.com/photos/53594/blue-clouds-day-fluffy-53594.jpeg?auto=compress&cs=tinysrgb&h=350,https://images.pexels.com/photos/53594/blue-clouds-day-fluffy-53594.jpeg?auto=compress&cs=tinysrgb&h=130,https://images.pexels.com/photos/53594/blue-clouds-day-fluffy-53594.jpeg?auto=compress&cs=tinysrgb&fit=crop&h=1200&w=800,https://images.pexels.com/photos/53594/blue-clouds-day-fluffy-53594.jpeg?auto=compress&cs=tinysrgb&fit=crop&h=627&w=1200,https://images.pexels.com/photos/53594/blue-clouds-day-fluffy-53594.jpeg?auto=compress&cs=tinysrgb&dpr=1&fit=crop&h=200&w=280,FALSE,"Vibrant cumulus clouds adorn a clear blue sky, creating a serene and dreamy cloudscape.",3000 to 4000,2000 to 3000,87
46160,3872,2592,https://www.pexels.com/photo/brown-field-and-blue-sky-46160/,Pixabay,https://www.pexels.com/@pixabay,2659,#70839F,https://images.pexels.com/photos/46160/field-clouds-sky-earth-46160.jpeg,https://images.pexels.com/photos/46160/field-clouds-sky-earth-46160.jpeg?auto=compress&cs=tinysrgb&dpr=2&h=650&w=940,https://images.pexels.com/photos/46160/field-clouds-sky-earth-46160.jpeg?auto=compress&cs=tinysrgb&h=650&w=940,https://images.pexels.com/photos/46160/field-clouds-sky-earth-46160.jpeg?auto=compress&cs=tinysrgb&h=350,https://images.pexels.com/photos/46160/field-clouds-sky-earth-46160.jpeg?auto=compress&cs=tinysrgb&h=130,https://images.pexels.com/photos/46160/field-clouds-sky-earth-46160.jpeg?auto=compress&cs=tinysrgb&fit=crop&h=1200&w=800,https://images.pexels.com/photos/46160/field-clouds-sky-earth-46160.jpeg?auto=compress&cs=tinysrgb&fit=crop&h=627&w=1200,https://images.pexels.com/photos/46160/field-clouds-sky-earth-46160.jpeg?auto=compress&cs=tinysrgb&dpr=1&fit=crop&h=200&w=280,FALSE,Expansive rural field with fluffy clouds and a clear blue sky.,3000 to 4000,2000 to 3000,62
695657,3264,2448,https://www.pexels.com/photo/white-and-blue-cloudy-sky-695657/,Johann Piber,https://www.pexels.com/@ironic,207793,#4982C0,https://images.pexels.com/photos/695657/pexels-photo-695657.jpeg,https://images.pexels.com/photos/695657/pexels-photo-695657.jpeg?auto=compress&cs=tinysrgb&dpr=2&h=650&w=940,https://images.pexels.com/photos/695657/pexels-photo-695657.jpeg?auto=compress&cs=tinysrgb&h=650&w=940,https://images.pexels.com/photos/695657/pexels-photo-695657.jpeg?auto=compress&cs=tinysrgb&h=350,https://images.pexels.com/photos/695657/pexels-photo-695657.jpeg?auto=compress&cs=tinysrgb&h=130,https://images.pexels.com/photos/695657/pexels-photo-695657.jpeg?auto=compress&cs=tinysrgb&fit=crop&h=1200&w=800,https://images.pexels.com/photos/695657/pexels-photo-695657.jpeg?auto=compress&cs=tinysrgb&fit=crop&h=627&w=1200,https://images.pexels.com/photos/695657/pexels-photo-695657.jpeg?auto=compress&cs=tinysrgb&dpr=1&fit=crop&h=200&w=280,FALSE,"Clear blue sky with soft, fluffy white clouds forming beautiful patterns.",3000 to 4000,2000 to 3000,73
544554,3264,2445,https://www.pexels.com/photo/sunflower-garden-under-blue-sky-544554/,K Zoltan,https://www.pexels.com/@zozz,110761,#5A7494,https://images.pexels.com/photos/544554/pexels-photo-544554.jpeg,https://images.pexels.com/photos/544554/pexels-photo-544554.jpeg?auto=compress&cs=tinysrgb&dpr=2&h=650&w=940,https://images.pexels.com/photos/544554/pexels-photo-544554.jpeg?auto=compress&cs=tinysrgb&h=650&w=940,https://images.pexels.com/photos/544554/pexels-photo-544554.jpeg?auto=compress&cs=tinysrgb&h=350,https://images.pexels.com/photos/544554/pexels-photo-544554.jpeg?auto=compress&cs=tinysrgb&h=130,https://images.pexels.com/photos/544554/pexels-photo-544554.jpeg?auto=compress&cs=tinysrgb&fit=crop&h=1200&w=800,https://images.pexels.com/photos/544554/pexels-photo-544554.jpeg?auto=compress&cs=tinysrgb&fit=crop&h=627&w=1200,https://images.pexels.com/photos/544554/pexels-photo-544554.jpeg?auto=compress&cs=tinysrgb&dpr=1&fit=crop&h=200&w=280,FALSE,"A vast sunflower field with bright yellow blooms against a clear blue sky, perfect for serene backgrounds.",3000 to 4000,2000 to 3000,106
813465,3973,2032,https://www.pexels.com/photo/green-forested-mountain-range-under-blue-sky-with-clouds-813465/,michael spadoni,https://www.pexels.com/@michael-spadoni-269949,269949,#6FA5BB,https://images.pexels.com/photos/813465/pexels-photo-813465.jpeg,https://images.pexels.com/photos/813465/pexels-photo-813465.jpeg?auto=compress&cs=tinysrgb&dpr=2&h=650&w=940,https://images.pexels.com/photos/813465/pexels-photo-813465.jpeg?auto=compress&cs=tinysrgb&h=650&w=940,https://images.pexels.com/photos/813465/pexels-photo-813465.jpeg?auto=compress&cs=tinysrgb&h=350,https://images.pexels.com/photos/813465/pexels-photo-813465.jpeg?auto=compress&cs=tinysrgb&h=130,https://images.pexels.com/photos/813465/pexels-photo-813465.jpeg?auto=compress&cs=tinysrgb&fit=crop&h=1200&w=800,https://images.pexels.com/photos/813465/pexels-photo-813465.jpeg?auto=compress&cs=tinysrgb&fit=crop&h=627&w=1200,https://images.pexels.com/photos/813465/pexels-photo-813465.jpeg?auto=compress&cs=tinysrgb&dpr=1&fit=crop&h=200&w=280,FALSE,Scenic view of lush mountains and a lake under a bright blue sky with clouds.,3000 to 4000,2000 to 3000,77
2931915,3456,5184,https://www.pexels.com/photo/white-clouds-under-blue-sky-2931915/,Darius Krause,https://www.pexels.com/@dariuskrs,1144493,#78A1B8,https://images.pexels.com/photos/2931915/pexels-photo-2931915.jpeg,https://images.pexels.com/photos/2931915/pexels-photo-2931915.jpeg?auto=compress&cs=tinysrgb&dpr=2&h=650&w=940,https://images.pexels.com/photos/2931915/pexels-photo-2931915.jpeg?auto=compress&cs=tinysrgb&h=650&w=940,https://images.pexels.com/photos/2931915/pexels-photo-2931915.jpeg?auto=compress&cs=tinysrgb&h=350,https://images.pexels.com/photos/2931915/pexels-photo-2931915.jpeg?auto=compress&cs=tinysrgb&h=130,https://images.pexels.com/photos/2931915/pexels-photo-2931915.jpeg?auto=compress&cs=tinysrgb&fit=crop&h=1200&w=800,https://images.pexels.com/photos/2931915/pexels-photo-2931915.jpeg?auto=compress&cs=tinysrgb&fit=crop&h=627&w=1200,https://images.pexels.com/photos/2931915/pexels-photo-2931915.jpeg?auto=compress&cs=tinysrgb&dpr=1&fit=crop&h=200&w=280,FALSE,"Peaceful sky with wispy clouds drifting in the blue, evoking serenity and calmness.",3000 to 4000,4000 and above,83
1655828,3632,5456,https://www.pexels.com/photo/photo-of-kid-on-grass-field-flying-kite-1655828/,erdin√ß ersoy,https://www.pexels.com/@erersoy,789724,#438BA1,https://images.pexels.com/photos/1655828/pexels-photo-1655828.jpeg,https://images.pexels.com/photos/1655828/pexels-photo-1655828.jpeg?auto=compress&cs=tinysrgb&dpr=2&h=650&w=940,https://images.pexels.com/photos/1655828/pexels-photo-1655828.jpeg?auto=compress&cs=tinysrgb&h=650&w=940,https://images.pexels.com/photos/1655828/pexels-photo-1655828.jpeg?auto=compress&cs=tinysrgb&h=350,https://images.pexels.com/photos/1655828/pexels-photo-1655828.jpeg?auto=compress&cs=tinysrgb&h=130,https://images.pexels.com/photos/1655828/pexels-photo-1655828.jpeg?auto=compress&cs=tinysrgb&fit=crop&h=1200&w=800,https://images.pexels.com/photos/1655828/pexels-photo-1655828.jpeg?auto=compress&cs=tinysrgb&fit=crop&h=627&w=1200,https://images.pexels.com/photos/1655828/pexels-photo-1655828.jpeg?auto=compress&cs=tinysrgb&dpr=1&fit=crop&h=200&w=280,FALSE,A young boy in a blue shirt flies a red kite on a sunny day in a wide open grass field.,3000 to 4000,4000 and above,87
1619569,3000,2000,https://www.pexels.com/photo/new-york-city-under-blue-sky-and-white-clouds-1619569/,Aleksandar Pasaric,https://www.pexels.com/@apasaric,105079,#819797,https://images.pexels.com/photos/1619569/pexels-photo-1619569.jpeg,https://images.pexels.com/photos/1619569/pexels-photo-1619569.jpeg?auto=compress&cs=tinysrgb&dpr=2&h=650&w=940,https://images.pexels.com/photos/1619569/pexels-photo-1619569.jpeg?auto=compress&cs=tinysrgb&h=650&w=940,https://images.pexels.com/photos/1619569/pexels-photo-1619569.jpeg?auto=compress&cs=tinysrgb&h=350,https://images.pexels.com/photos/1619569/pexels-photo-1619569.jpeg?auto=compress&cs=tinysrgb&h=130,https://images.pexels.com/photos/1619569/pexels-photo-1619569.jpeg?auto=compress&cs=tinysrgb&fit=crop&h=1200&w=800,https://images.pexels.com/photos/1619569/pexels-photo-1619569.jpeg?auto=compress&cs=tinysrgb&fit=crop&h=627&w=1200,https://images.pexels.com/photos/1619569/pexels-photo-1619569.jpeg?auto=compress&cs=tinysrgb&dpr=1&fit=crop&h=200&w=280,FALSE,Stunning view of Dubai's skyline and waterfront during golden hour with glowing skyscrapers reflecting on the water.,3000 to 4000,2000 to 3000,116
896673,3024,4032,https://www.pexels.com/photo/timelapse-photo-of-gray-clouds-896673/,Tessa K,https://www.pexels.com/@tessa-k-221622,221622,#7297B6,https://images.pexels.com/photos/896673/pexels-photo-896673.jpeg,https://images.pexels.com/photos/896673/pexels-photo-896673.jpeg?auto=compress&cs=tinysrgb&dpr=2&h=650&w=940,https://images.pexels.com/photos/896673/pexels-photo-896673.jpeg?auto=compress&cs=tinysrgb&h=650&w=940,https://images.pexels.com/photos/896673/pexels-photo-896673.jpeg?auto=compress&cs=tinysrgb&h=350,https://images.pexels.com/photos/896673/pexels-photo-896673.jpeg?auto=compress&cs=tinysrgb&h=130,https://images.pexels.com/photos/896673/pexels-photo-896673.jpeg?auto=compress&cs=tinysrgb&fit=crop&h=1200&w=800,https://images.pexels.com/photos/896673/pexels-photo-896673.jpeg?auto=compress&cs=tinysrgb&fit=crop&h=627&w=1200,https://images.pexels.com/photos/896673/pexels-photo-896673.jpeg?auto=compress&cs=tinysrgb&dpr=1&fit=crop&h=200&w=280,FALSE,"Serene cloud formations against a bright blue sky, capturing the beauty of daytime cloudscape.",3000 to 4000,4000 and above,94
436383,3008,2000,https://www.pexels.com/photo/blue-sky-and-white-clouds-436383/,Jonathan Petersson,https://www.pexels.com/@grizzlybear,131183,#7C9BDB,https://images.pexels.com/photos/436383/pexels-photo-436383.jpeg,https://images.pexels.com/photos/436383/pexels-photo-436383.jpeg?auto=compress&cs=tinysrgb&dpr=2&h=650&w=940,https://images.pexels.com/photos/436383/pexels-photo-436383.jpeg?auto=compress&cs=tinysrgb&h=650&w=940,https://images.pexels.com/photos/436383/pexels-photo-436383.jpeg?auto=compress&cs=tinysrgb&h=350,https://images.pexels.com/photos/436383/pexels-photo-436383.jpeg?auto=compress&cs=tinysrgb&h=130,https://images.pexels.com/photos/436383/pexels-photo-436383.jpeg?auto=compress&cs=tinysrgb&fit=crop&h=1200&w=800,https://images.pexels.com/photos/436383/pexels-photo-436383.jpeg?auto=compress&cs=tinysrgb&fit=crop&h=627&w=1200,https://images.pexels.com/photos/436383/pexels-photo-436383.jpeg?auto=compress&cs=tinysrgb&dpr=1&fit=crop&h=200&w=280,FALSE,"A clear blue sky with scattered white clouds on a bright day, perfect for backgrounds.",3000 to 4000,2000 to 3000,86
314726,3386,2132,https://www.pexels.com/photo/aerial-view-of-cloudscape-314726/,Pixabay,https://www.pexels.com/@pixabay,2659,#A8C3DD,https://images.pexels.com/photos/314726/pexels-photo-314726.jpeg,https://images.pexels.com/photos/314726/pexels-photo-314726.jpeg?auto=compress&cs=tinysrgb&dpr=2&h=650&w=940,https://images.pexels.com/photos/314726/pexels-photo-314726.jpeg?auto=compress&cs=tinysrgb&h=650&w=940,https://images.pexels.com/photos/314726/pexels-photo-314726.jpeg?auto=compress&cs=tinysrgb&h=350,https://images.pexels.com/photos/314726/pexels-photo-314726.jpeg?auto=compress&cs=tinysrgb&h=130,https://images.pexels.com/photos/314726/pexels-photo-314726.jpeg?auto=compress&cs=tinysrgb&fit=crop&h=1200&w=800,https://images.pexels.com/photos/314726/pexels-photo-314726.jpeg?auto=compress&cs=tinysrgb&fit=crop&h=627&w=1200,https://images.pexels.com/photos/314726/pexels-photo-314726.jpeg?auto=compress&cs=tinysrgb&dpr=1&fit=crop&h=200&w=280,FALSE,"Scenic aerial view of fluffy clouds and serene blue sky, offering a tranquil and dreamy atmosphere.",3000 to 4000,2000 to 3000,99
767991,3500,2334,https://www.pexels.com/photo/clouds-on-blue-sky-767991/,R Khalil,https://www.pexels.com/@r-khalil-250162,250162,#96B0C6,https://images.pexels.com/photos/767991/pexels-photo-767991.jpeg,https://images.pexels.com/photos/767991/pexels-photo-767991.jpeg?auto=compress&cs=tinysrgb&dpr=2&h=650&w=940,https://images.pexels.com/photos/767991/pexels-photo-767991.jpeg?auto=compress&cs=tinysrgb&h=650&w=940,https://images.pexels.com/photos/767991/pexels-photo-767991.jpeg?auto=compress&cs=tinysrgb&h=350,https://images.pexels.com/photos/767991/pexels-photo-767991.jpeg?auto=compress&cs=tinysrgb&h=130,https://images.pexels.com/photos/767991/pexels-photo-767991.jpeg?auto=compress&cs=tinysrgb&fit=crop&h=1200&w=800,https://images.pexels.com/photos/767991/pexels-photo-767991.jpeg?auto=compress&cs=tinysrgb&fit=crop&h=627&w=1200,https://images.pexels.com/photos/767991/pexels-photo-767991.jpeg?auto=compress&cs=tinysrgb&dpr=1&fit=crop&h=200&w=280,FALSE,A serene blue sky filled with scattered wispy white clouds on a bright day.,3000 to 4000,2000 to 3000,75
1974521,3024,4032,https://www.pexels.com/photo/ocean-under-cloudy-sky-1974521/,Julia Kuzenkov,https://www.pexels.com/@julia-kuzenkov-442028,442028,#B2B5B9,https://images.pexels.com/photos/1974521/pexels-photo-1974521.jpeg,https://images.pexels.com/photos/1974521/pexels-photo-1974521.jpeg?auto=compress&cs=tinysrgb&dpr=2&h=650&w=940,https://images.pexels.com/photos/1974521/pexels-photo-1974521.jpeg?auto=compress&cs=tinysrgb&h=650&w=940,https://images.pexels.com/photos/1974521/pexels-photo-1974521.jpeg?auto=compress&cs=tinysrgb&h=350,https://images.pexels.com/photos/1974521/pexels-photo-1974521.jpeg?auto=compress&cs=tinysrgb&h=130,https://images.pexels.com/photos/1974521/pexels-photo-1974521.jpeg?auto=compress&cs=tinysrgb&fit=crop&h=1200&w=800,https://images.pexels.com/photos/1974521/pexels-photo-1974521.jpeg?auto=compress&cs=tinysrgb&fit=crop&h=627&w=1200,https://images.pexels.com/photos/1974521/pexels-photo-1974521.jpeg?auto=compress&cs=tinysrgb&dpr=1&fit=crop&h=200&w=280,FALSE,"A serene beach with gentle ocean waves under a bright blue sky, perfect for a summer vacation.",3000 to 4000,4000 and above,94
192470,3744,5616,https://www.pexels.com/photo/man-standing-on-shore-in-front-of-ocean-under-cloudy-sky-192470/,Leah Newhouse,https://www.pexels.com/@leah-newhouse-50725,50725,#8DAAC5,https://images.pexels.com/photos/192470/pexels-photo-192470.jpeg,https://images.pexels.com/photos/192470/pexels-photo-192470.jpeg?auto=compress&cs=tinysrgb&dpr=2&h=650&w=940,https://images.pexels.com/photos/192470/pexels-photo-192470.jpeg?auto=compress&cs=tinysrgb&h=650&w=940,https://images.pexels.com/photos/192470/pexels-photo-192470.jpeg?auto=compress&cs=tinysrgb&h=350,https://images.pexels.com/photos/192470/pexels-photo-192470.jpeg?auto=compress&cs=tinysrgb&h=130,https://images.pexels.com/photos/192470/pexels-photo-192470.jpeg?auto=compress&cs=tinysrgb&fit=crop&h=1200&w=800,https://images.pexels.com/photos/192470/pexels-photo-192470.jpeg?auto=compress&cs=tinysrgb&fit=crop&h=627&w=1200,https://images.pexels.com/photos/192470/pexels-photo-192470.jpeg?auto=compress&cs=tinysrgb&dpr=1&fit=crop&h=200&w=280,FALSE,"A man stands on a rocky beach, gazing at the ocean under a vibrant blue sky.",3000 to 4000,4000 and above,76
59321,3571,4980,https://www.pexels.com/photo/round-brown-wooden-5-piece-dining-set-on-lawn-grass-59321/,Torsten Dettlaff,https://www.pexels.com/@tdcat,9438,#728177,https://images.pexels.com/photos/59321/pexels-photo-59321.jpeg,https://images.pexels.com/photos/59321/pexels-photo-59321.jpeg?auto=compress&cs=tinysrgb&dpr=2&h=650&w=940,https://images.pexels.com/photos/59321/pexels-photo-59321.jpeg?auto=compress&cs=tinysrgb&h=650&w=940,https://images.pexels.com/photos/59321/pexels-photo-59321.jpeg?auto=compress&cs=tinysrgb&h=350,https://images.pexels.com/photos/59321/pexels-photo-59321.jpeg?auto=compress&cs=tinysrgb&h=130,https://images.pexels.com/photos/59321/pexels-photo-59321.jpeg?auto=compress&cs=tinysrgb&fit=crop&h=1200&w=800,https://images.pexels.com/photos/59321/pexels-photo-59321.jpeg?auto=compress&cs=tinysrgb&fit=crop&h=627&w=1200,https://images.pexels.com/photos/59321/pexels-photo-59321.jpeg?auto=compress&cs=tinysrgb&dpr=1&fit=crop&h=200&w=280,FALSE,Peaceful garden with a blooming cherry tree and wooden outdoor furniture under a blue sky.,3000 to 4000,4000 and above,90
2043035,3024,4032,https://www.pexels.com/photo/beach-2043035/,Lisa from Pexels,https://www.pexels.com/@fotios-photos,26735,#61B2CD,https://images.pexels.com/photos/2043035/pexels-photo-2043035.jpeg,https://images.pexels.com/photos/2043035/pexels-photo-2043035.jpeg?auto=compress&cs=tinysrgb&dpr=2&h=650&w=940,https://images.pexels.com/photos/2043035/pexels-photo-2043035.jpeg?auto=compress&cs=tinysrgb&h=650&w=940,https://images.pexels.com/photos/2043035/pexels-photo-2043035.jpeg?auto=compress&cs=tinysrgb&h=350,https://images.pexels.com/photos/2043035/pexels-photo-2043035.jpeg?auto=compress&cs=tinysrgb&h=130,https://images.pexels.com/photos/2043035/pexels-photo-2043035.jpeg?auto=compress&cs=tinysrgb&fit=crop&h=1200&w=800,https://images.pexels.com/photos/2043035/pexels-photo-2043035.jpeg?auto=compress&cs=tinysrgb&fit=crop&h=627&w=1200,https://images.pexels.com/photos/2043035/pexels-photo-2043035.jpeg?auto=compress&cs=tinysrgb&dpr=1&fit=crop&h=200&w=280,FALSE,Tranquil scene of a lone walker on Colwyn Bay beach under a vast blue sky.,3000 to 4000,4000 and above,74
221125,3982,2655,https://www.pexels.com/photo/green-trees-221125/,Pixabay,https://www.pexels.com/@pixabay,2659,#8C999C,https://images.pexels.com/photos/221125/pexels-photo-221125.jpeg,https://images.pexels.com/photos/221125/pexels-photo-221125.jpeg?auto=compress&cs=tinysrgb&dpr=2&h=650&w=940,https://images.pexels.com/photos/221125/pexels-photo-221125.jpeg?auto=compress&cs=tinysrgb&h=650&w=940,https://images.pexels.com/photos/221125/pexels-photo-221125.jpeg?auto=compress&cs=tinysrgb&h=350,https://images.pexels.com/photos/221125/pexels-photo-221125.jpeg?auto=compress&cs=tinysrgb&h=130,https://images.pexels.com/photos/221125/pexels-photo-221125.jpeg?auto=compress&cs=tinysrgb&fit=crop&h=1200&w=800,https://images.pexels.com/photos/221125/pexels-photo-221125.jpeg?auto=compress&cs=tinysrgb&fit=crop&h=627&w=1200,https://images.pexels.com/photos/221125/pexels-photo-221125.jpeg?auto=compress&cs=tinysrgb&dpr=1&fit=crop&h=200&w=280,FALSE,"Expansive farmland under a clear blue sky, capturing the essence of rural beauty.",3000 to 4000,2000 to 3000,81
2344227,3264,4896,https://www.pexels.com/photo/white-sky-2344227/,ùóõ&ùóñùó¢ „ÄÄ,https://www.pexels.com/@hngstrm,435351,#A6BDD5,https://images.pexels.com/photos/2344227/pexels-photo-2344227.jpeg,https://images.pexels.com/photos/2344227/pexels-photo-2344227.jpeg?auto=compress&cs=tinysrgb&dpr=2&h=650&w=940,https://images.pexels.com/photos/2344227/pexels-photo-2344227.jpeg?auto=compress&cs=tinysrgb&h=650&w=940,https://images.pexels.com/photos/2344227/pexels-photo-2344227.jpeg?auto=compress&cs=tinysrgb&h=350,https://images.pexels.com/photos/2344227/pexels-photo-2344227.jpeg?auto=compress&cs=tinysrgb&h=130,https://images.pexels.com/photos/2344227/pexels-photo-2344227.jpeg?auto=compress&cs=tinysrgb&fit=crop&h=1200&w=800,https://images.pexels.com/photos/2344227/pexels-photo-2344227.jpeg?auto=compress&cs=tinysrgb&fit=crop&h=627&w=1200,https://images.pexels.com/photos/2344227/pexels-photo-2344227.jpeg?auto=compress&cs=tinysrgb&dpr=1&fit=crop&h=200&w=280,FALSE,Tranquil sky featuring light clouds against a clear blue backdrop.,3000 to 4000,4000 and above,66
356267,3888,2592,https://www.pexels.com/photo/blue-skies-356267/,ÈÇ± Èü¨,https://www.pexels.com/@48393,48393,#C8CEEF,https://images.pexels.com/photos/356267/pexels-photo-356267.jpeg,https://images.pexels.com/photos/356267/pexels-photo-356267.jpeg?auto=compress&cs=tinysrgb&dpr=2&h=650&w=940,https://images.pexels.com/photos/356267/pexels-photo-356267.jpeg?auto=compress&cs=tinysrgb&h=650&w=940,https://images.pexels.com/photos/356267/pexels-photo-356267.jpeg?auto=compress&cs=tinysrgb&h=350,https://images.pexels.com/photos/356267/pexels-photo-356267.jpeg?auto=compress&cs=tinysrgb&h=130,https://images.pexels.com/photos/356267/pexels-photo-356267.jpeg?auto=compress&cs=tinysrgb&fit=crop&h=1200&w=800,https://images.pexels.com/photos/356267/pexels-photo-356267.jpeg?auto=compress&cs=tinysrgb&fit=crop&h=627&w=1200,https://images.pexels.com/photos/356267/pexels-photo-356267.jpeg?auto=compress&cs=tinysrgb&dpr=1&fit=crop&h=200&w=280,FALSE,Beautiful cherry blossoms against a clear blue sky depicting a serene spring day.,3000 to 4000,2000 to 3000,81
1167052,3264,4896,https://www.pexels.com/photo/person-holding-brown-insect-1167052/,ùóõ&ùóñùó¢ „ÄÄ,https://www.pexels.com/@hngstrm,435351,#B0C4D6,https://images.pexels.com/photos/1167052/pexels-photo-1167052.jpeg,https://images.pexels.com/photos/1167052/pexels-photo-1167052.jpeg?auto=compress&cs=tinysrgb&dpr=2&h=650&w=940,https://images.pexels.com/photos/1167052/pexels-photo-1167052.jpeg?auto=compress&cs=tinysrgb&h=650&w=940,https://images.pexels.com/photos/1167052/pexels-photo-1167052.jpeg?auto=compress&cs=tinysrgb&h=350,https://images.pexels.com/photos/1167052/pexels-photo-1167052.jpeg?auto=compress&cs=tinysrgb&h=130,https://images.pexels.com/photos/1167052/pexels-photo-1167052.jpeg?auto=compress&cs=tinysrgb&fit=crop&h=1200&w=800,https://images.pexels.com/photos/1167052/pexels-photo-1167052.jpeg?auto=compress&cs=tinysrgb&fit=crop&h=627&w=1200,https://images.pexels.com/photos/1167052/pexels-photo-1167052.jpeg?auto=compress&cs=tinysrgb&dpr=1&fit=crop&h=200&w=280,FALSE,"A hand holds a cicada shell against the bright blue summer sky, symbolizing transformation.",3000 to 4000,4000 and above,91
2470655,3456,4935,https://www.pexels.com/photo/pink-and-blue-sky-at-sunset-2470655/,Darius Krause,https://www.pexels.com/@dariuskrs,1144493,#B3ABCC,https://images.pexels.com/photos/2470655/pexels-photo-2470655.jpeg,https://images.pexels.com/photos/2470655/pexels-photo-2470655.jpeg?auto=compress&cs=tinysrgb&dpr=2&h=650&w=940,https://images.pexels.com/photos/2470655/pexels-photo-2470655.jpeg?auto=compress&cs=tinysrgb&h=650&w=940,https://images.pexels.com/photos/2470655/pexels-photo-2470655.jpeg?auto=compress&cs=tinysrgb&h=350,https://images.pexels.com/photos/2470655/pexels-photo-2470655.jpeg?auto=compress&cs=tinysrgb&h=130,https://images.pexels.com/photos/2470655/pexels-photo-2470655.jpeg?auto=compress&cs=tinysrgb&fit=crop&h=1200&w=800,https://images.pexels.com/photos/2470655/pexels-photo-2470655.jpeg?auto=compress&cs=tinysrgb&fit=crop&h=627&w=1200,https://images.pexels.com/photos/2470655/pexels-photo-2470655.jpeg?auto=compress&cs=tinysrgb&dpr=1&fit=crop&h=200&w=280,FALSE,A breathtaking view of a vibrant pink and blue sky with soft clouds in Berlin.,3000 to 4000,4000 and above,78
3289880,3024,4032,https://www.pexels.com/photo/blue-and-white-cloudy-sky-3289880/,Andre Moura,https://www.pexels.com/@oandremoura,1251397,#5E9DBC,https://images.pexels.com/photos/3289880/pexels-photo-3289880.jpeg,https://images.pexels.com/photos/3289880/pexels-photo-3289880.jpeg?auto=compress&cs=tinysrgb&dpr=2&h=650&w=940,https://images.pexels.com/photos/3289880/pexels-photo-3289880.jpeg?auto=compress&cs=tinysrgb&h=650&w=940,https://images.pexels.com/photos/3289880/pexels-photo-3289880.jpeg?auto=compress&cs=tinysrgb&h=350,https://images.pexels.com/photos/3289880/pexels-photo-3289880.jpeg?auto=compress&cs=tinysrgb&h=130,https://images.pexels.com/photos/3289880/pexels-photo-3289880.jpeg?auto=compress&cs=tinysrgb&fit=crop&h=1200&w=800,https://images.pexels.com/photos/3289880/pexels-photo-3289880.jpeg?auto=compress&cs=tinysrgb&fit=crop&h=627&w=1200,https://images.pexels.com/photos/3289880/pexels-photo-3289880.jpeg?auto=compress&cs=tinysrgb&dpr=1&fit=crop&h=200&w=280,FALSE,"A stunning blue sky filled with dynamic cloud patterns, creating a tranquil yet dramatic atmosphere.",3000 to 4000,4000 and above,100
